{"train_eer":0.1445436507928163,"_timestamp":1.7283196942480655e+09,"val_loss":2.381399549786284,"val_eer":0.13903326919749098,"_runtime":586.2339273,"_step":900,"train_loss":2.375378131866455,"_wandb":{"runtime":586}}