{"_runtime":16274.1151166,"_step":300000,"train_loss":0.07928522676229477,"train_eer":0.0038690476193680105,"_wandb":{"runtime":16274},"_timestamp":1.7282602124621308e+09,"val_loss":0.2609153028045382,"val_eer":0.02228732638896878}