{"val_eer":0.011528963940587684,"_wandb":{"runtime":62415},"_runtime":62415.370741,"_step":292500,"train_loss":0.01580674946308136,"train_eer":0.002827380951572858,"_timestamp":1.7283834773902552e+09,"val_loss":0.0867459015191897}