{"val_loss":3.241733913836272,"val_eer":0.23967822636307065,"_timestamp":1.728392860058842e+09,"_runtime":141.2882635,"_step":100,"_wandb":{"runtime":141}}