{"val_loss":1.9356660048166912,"val_eer":0.18482969576762176,"_runtime":23022.4712465,"_step":142500,"_wandb":{"runtime":23022},"train_loss":0.14642325043678284,"train_eer":0.008382936509130894,"_timestamp":1.7282188284710515e+09}