{"_runtime":555.7951961,"_wandb":{"runtime":555},"_step":38000,"val_loss":2.074058413505554,"val_eer":0.1981894841272325,"_timestamp":1.7281946381808417e+09}