{"_runtime":17810.9578691,"_step":225000,"train_loss":0.11915133893489838,"train_eer":0.008705357142206101,"_timestamp":1.7282374834490316e+09,"val_loss":0.27631534077227116,"_wandb":{"runtime":17810},"val_eer":0.02204993976758911}