{"_runtime":1039.8118791,"_wandb":{"runtime":1039},"_step":2700,"val_loss":1.719335693380107,"val_eer":0.093062564699816,"_timestamp":1.7283926600287504e+09}