{"_step":142800,"train_loss":0.20598629117012024,"_wandb":{"runtime":232},"train_eer":0.011210317461035109,"_timestamp":1.7282195328086874e+09,"val_loss":0.30280675925314426,"val_eer":0.022149146116786218,"_runtime":232.0374824}