{"_runtime":136.1512527,"_wandb":{"runtime":136},"_step":37600,"val_loss":2.173107862472534,"val_eer":0.20692791005213973,"_timestamp":1.728193884768227e+09}