{"_step":360000,"train_loss":0.028405338525772095,"train_eer":0.0031994047630695033,"_timestamp":1.7284080096775277e+09,"val_loss":0.05698325408055731,"_wandb":{"runtime":14579},"val_eer":0.009587970151730326,"_runtime":14579.5268967}