{"_runtime":277.9506551,"_step":600,"train_loss":2.50258731842041,"train_eer":0.15156249999999905,"_timestamp":1.7283205280704832e+09,"val_loss":2.3714043420294058,"_wandb":{"runtime":277},"val_eer":0.14529470755689322}