{"_runtime":422.9432215,"_step":39000,"val_loss":2.1225984493891397,"val_eer":0.20302579365093695,"_wandb":{"runtime":422},"_timestamp":1.728195229015935e+09}