{"val_eer":0.02060480442186498,"_runtime":244.7003629,"_step":225300,"_wandb":{"runtime":244},"train_loss":0.17218175530433655,"train_eer":0.009374999999770064,"_timestamp":1.7282438648744433e+09,"val_loss":0.26376383791544605}