{"train_eer":0.034375000000124924,"_timestamp":1.728195671025624e+09,"val_loss":2.1222540537516275,"_wandb":{"runtime":292},"val_eer":0.20207506613747991,"_runtime":292.103117,"_step":38400,"train_loss":0.699587881565094}