{"_wandb":{"runtime":77},"train_loss":3.445589753985405,"_timestamp":1.728869214471301e+09,"_runtime":77.7744618,"_step":40}